hours_operated,temperature,vibration,oil_pressure,rpm,load,health_label,RUL
3776.7,100.6,7.82,44.4,2037.0,48.8,Warning,719.2
9509.6,103.3,12.43,24.0,937.0,30.0,Failure,209.3
7333.3,104.2,11.07,28.2,933.0,53.7,Warning,249.5
6006.7,100.0,10.57,31.2,1385.0,46.8,Warning,375.4
1602.4,95.1,5.35,50.8,1633.0,72.4,Healthy,814.0
1602.1,96.0,5.69,49.9,2056.0,67.4,Healthy,936.4
627.9,89.0,3.66,51.6,1925.0,50.5,Healthy,1094.7
8668.5,112.6,12.39,23.2,1569.0,40.3,Failure,242.0
6031.1,109.2,10.79,29.8,1310.0,94.2,Warning,238.7
7095.3,113.1,11.6,25.0,2396.0,56.8,Failure,216.3
254.8,97.5,3.46,50.5,1539.0,73.2,Healthy,948.9
9700.6,109.6,13.41,19.3,1577.0,34.8,Failure,178.6
8332.8,108.6,12.74,24.4,1145.0,59.0,Failure,194.9
2162.8,89.9,5.34,48.3,2092.0,26.9,Healthy,1024.5
1859.2,100.7,5.95,43.4,1941.0,60.4,Warning,765.2
1874.9,101.4,5.85,50.8,1231.0,92.5,Healthy,870.5
3077.2,92.4,6.42,48.7,1024.0,51.9,Healthy,854.1
5271.3,100.6,8.6,36.3,1921.0,27.7,Warning,489.0
4347.9,92.1,7.06,43.4,1882.0,27.2,Warning,771.7
2947.7,97.6,6.29,46.0,1310.0,52.2,Healthy,850.5
6137.9,106.3,9.51,37.0,2326.0,36.2,Warning,387.6
1438.0,83.5,3.5,51.6,1127.0,26.6,Healthy,1203.3
2956.8,98.9,7.04,46.2,1549.0,77.9,Warning,728.3
3695.3,99.5,7.86,40.6,2315.0,57.1,Warning,637.2
4587.9,101.0,7.46,36.1,1530.0,45.2,Warning,631.1
7862.5,123.4,13.23,24.6,1858.0,88.0,Failure,180.4
2036.8,87.0,5.03,54.0,1496.0,33.1,Healthy,1063.0
5166.6,111.8,9.32,39.8,1311.0,91.9,Warning,429.8
5944.5,99.6,9.38,32.3,2376.0,47.0,Warning,474.8
512.2,94.9,4.43,53.3,1514.0,87.2,Healthy,894.2
6095.1,111.1,10.41,30.7,2241.0,67.2,Warning,215.0
1746.7,95.1,5.62,49.7,1245.0,82.9,Healthy,960.5
697.3,94.4,4.53,47.0,1220.0,93.9,Healthy,1037.6
9491.4,108.1,12.16,19.3,947.0,45.2,Failure,195.4
9658.0,126.2,14.75,14.4,1878.0,92.3,Failure,149.8
8093.6,109.6,11.8,26.6,1453.0,52.3,Failure,243.0
3080.9,91.4,7.11,44.1,2197.0,52.0,Healthy,852.1
1021.8,82.9,3.87,55.6,1610.0,48.8,Healthy,1059.1
6858.1,110.7,12.06,32.1,2352.0,62.9,Failure,222.5
4429.5,96.8,6.54,42.7,1178.0,35.8,Warning,739.2
1264.3,87.1,5.69,55.7,2203.0,63.8,Healthy,1092.1
4977.0,104.6,9.05,37.7,2065.0,62.9,Warning,618.1
392.2,95.1,4.82,49.3,2056.0,78.3,Healthy,967.9
9097.7,127.7,14.28,21.7,2167.0,83.4,Failure,136.6
2624.9,96.8,6.81,44.5,2042.0,55.8,Warning,805.2
6642.1,107.8,10.26,33.9,1839.0,46.2,Warning,414.9
3151.5,93.4,5.59,49.5,1097.0,43.2,Healthy,921.6
5224.7,89.6,8.67,41.0,949.0,38.6,Warning,645.2
5489.8,104.0,8.95,33.1,2281.0,29.0,Warning,508.8
1889.3,94.4,5.33,46.8,1825.0,49.0,Healthy,954.5
9697.4,117.3,14.37,23.6,2095.0,43.9,Failure,164.0
7762.6,132.6,12.26,20.8,1622.0,92.6,Failure,193.7
9398.0,107.6,13.65,22.2,1076.0,64.0,Failure,235.8
8953.5,116.5,12.33,24.4,1088.0,49.3,Failure,242.6
5999.1,108.3,10.19,34.4,1928.0,65.6,Warning,365.9
9222.6,110.9,12.81,24.1,1545.0,34.7,Failure,207.7
930.5,89.8,3.38,52.1,1201.0,56.1,Healthy,1190.8
2000.0,96.1,5.43,46.7,1637.0,68.8,Healthy,819.0
500.0,86.6,3.99,56.6,996.0,59.2,Healthy,1176.2
3287.0,99.4,7.21,44.9,1773.0,53.1,Warning,675.4
3917.3,101.9,8.26,38.4,1303.0,94.6,Warning,640.0
2749.9,108.1,7.4,44.7,2096.0,86.6,Warning,644.3
8295.9,112.6,12.38,24.0,1366.0,68.6,Failure,252.2
3599.7,97.0,7.91,40.3,1583.0,64.9,Warning,698.7
2845.3,95.3,6.13,43.0,917.0,68.4,Healthy,743.5
5449.8,102.5,8.5,34.3,1009.0,39.1,Warning,576.8
1452.2,90.0,5.1,50.4,1489.0,52.7,Healthy,1100.1
8031.9,106.6,11.03,31.4,1620.0,27.8,Warning,321.6
791.8,90.0,4.88,50.9,1800.0,58.3,Healthy,988.0
9869.5,119.7,13.46,18.8,1337.0,63.0,Failure,177.4
7733.8,111.2,12.2,26.2,1942.0,40.9,Failure,233.4
2027.2,111.6,6.56,42.7,2190.0,92.5,Warning,626.9
104.9,97.8,4.33,48.5,2070.0,88.7,Healthy,1079.1
8163.8,115.8,11.51,23.3,959.0,75.6,Failure,225.5
7083.2,110.6,10.98,28.4,1621.0,62.3,Failure,179.8
7303.6,118.3,11.23,27.0,1057.0,85.9,Failure,237.8
7724.1,101.9,10.7,30.4,1263.0,34.1,Warning,321.1
786.7,102.4,5.11,46.6,2380.0,80.3,Healthy,865.3
3616.7,91.5,6.7,47.6,1114.0,33.7,Healthy,830.8
1202.9,97.7,5.25,49.7,1648.0,80.6,Healthy,974.5
8637.9,111.9,12.67,25.1,1827.0,44.3,Failure,247.8
6251.8,115.5,10.62,29.5,1954.0,86.4,Failure,253.8
3342.4,106.2,7.49,38.9,1739.0,91.1,Warning,589.9
682.4,84.3,3.73,56.0,915.0,35.4,Healthy,1178.4
3144.3,102.7,6.27,44.4,1390.0,57.4,Warning,750.8
3285.6,110.2,8.47,35.2,1677.0,93.7,Warning,451.5
7309.6,110.8,10.86,27.0,1032.0,58.8,Failure,259.6
6393.7,111.0,10.86,29.2,1426.0,85.4,Warning,277.6
8877.8,110.3,13.24,23.7,950.0,66.2,Failure,252.7
4748.5,102.2,8.45,41.4,1018.0,51.3,Warning,651.8
1240.0,92.7,4.18,49.8,1495.0,45.0,Healthy,983.7
7146.8,108.4,10.17,29.0,1099.0,39.2,Warning,337.0
7619.8,113.8,12.21,24.5,1751.0,78.3,Failure,199.1
5634.7,104.5,9.64,33.2,1934.0,52.1,Warning,456.0
7721.1,108.0,12.48,26.5,2101.0,60.8,Failure,220.3
4963.3,100.6,8.5,39.6,1200.0,59.5,Warning,540.1
5251.2,107.4,9.18,32.6,1151.0,65.4,Warning,434.5
4304.0,103.7,8.99,39.0,1057.0,85.6,Warning,419.6
302.9,101.4,4.79,46.4,1855.0,93.7,Healthy,795.5
1123.5,92.4,4.72,50.3,1960.0,53.5,Healthy,996.7
362.7,94.3,3.26,51.5,947.0,82.9,Healthy,1089.9
6382.3,110.7,10.17,34.5,2304.0,78.5,Warning,325.7
3177.8,97.6,6.69,42.9,978.0,65.1,Warning,691.1
5110.3,101.2,9.75,29.9,1712.0,91.9,Warning,391.4
9080.3,111.5,12.79,18.5,1964.0,39.0,Failure,216.5
2530.5,87.8,5.88,49.2,2206.0,32.6,Healthy,994.8
4133.3,112.7,8.67,38.4,1971.0,84.8,Warning,470.3
7567.7,114.9,12.28,27.8,2103.0,55.7,Failure,255.0
2326.5,102.6,6.38,44.9,1409.0,84.3,Warning,782.5
816.0,105.7,4.91,51.5,2122.0,87.5,Healthy,848.8
2933.0,85.6,5.79,47.0,1020.0,29.4,Healthy,939.7
1654.2,109.2,6.11,47.5,2242.0,86.8,Warning,690.3
9300.5,118.9,13.73,16.5,1721.0,56.4,Failure,179.3
8090.8,114.0,12.36,22.9,2126.0,60.7,Failure,244.7
6352.4,113.5,10.24,25.9,1578.0,68.9,Failure,264.3
8721.0,118.1,13.84,20.3,1865.0,89.8,Failure,225.5
8046.5,102.5,11.37,29.0,1690.0,26.3,Warning,266.4
1906.4,94.4,5.8,48.9,1997.0,58.4,Healthy,992.1
8931.0,113.5,12.98,22.1,1022.0,73.1,Failure,203.4
5416.5,102.2,8.53,32.8,991.0,75.6,Warning,565.5
8084.0,118.4,12.15,23.3,1271.0,73.5,Failure,211.6
8966.1,106.5,12.55,21.3,1139.0,34.4,Failure,239.9
3214.1,99.5,6.75,47.5,2208.0,46.0,Warning,850.1
1145.0,87.4,3.98,51.9,1229.0,50.1,Healthy,1092.9
2318.0,97.9,7.25,44.3,2364.0,81.3,Warning,769.2
4299.7,98.6,7.24,44.8,1405.0,44.5,Warning,783.3
8189.2,99.9,10.92,25.3,1173.0,39.7,Warning,283.6
8614.3,122.8,13.81,17.5,2085.0,92.0,Failure,145.4
119.2,79.0,2.56,56.0,1888.0,25.6,Healthy,1423.2
5131.9,119.1,9.46,31.8,1647.0,94.8,Warning,276.2
4203.2,108.1,8.25,39.2,1733.0,72.4,Warning,546.3
2260.0,103.2,6.79,46.5,1979.0,83.0,Warning,806.6
1242.7,93.1,4.08,58.0,1243.0,45.6,Healthy,1037.4
3409.3,92.3,6.82,40.2,2395.0,26.0,Warning,729.5
9432.0,125.0,15.29,19.6,2362.0,76.7,Failure,168.9
3265.9,106.0,7.51,39.5,1875.0,83.4,Warning,532.1
5212.0,107.4,9.31,33.3,1199.0,76.8,Warning,409.2
7045.0,109.9,10.42,29.0,1920.0,35.0,Warning,286.7
3668.1,104.1,7.07,38.0,1008.0,77.7,Warning,618.0
9719.2,119.5,13.82,22.3,946.0,78.8,Failure,150.0
9626.4,112.2,13.78,22.2,1287.0,71.1,Failure,241.2
2555.2,97.7,6.72,45.0,1594.0,78.6,Warning,793.6
4997.6,111.3,10.72,37.7,2202.0,84.2,Warning,428.3
3043.7,102.1,6.8,39.3,1991.0,68.0,Warning,672.8
2884.2,89.4,5.84,44.4,2014.0,31.2,Healthy,843.8
417.0,99.0,3.67,47.0,1538.0,59.1,Healthy,996.2
6115.2,105.0,9.33,32.9,1419.0,30.4,Warning,414.3
5051.7,104.1,8.71,37.4,1457.0,53.5,Warning,469.8
562.2,93.5,4.76,53.5,2381.0,53.5,Healthy,1123.5
2822.5,87.7,4.27,48.7,960.0,29.6,Healthy,991.7
9087.2,112.2,12.45,19.3,2201.0,49.4,Failure,164.1
2433.6,91.7,5.2,50.7,1768.0,32.8,Healthy,1052.5
1491.7,99.5,5.89,48.4,1558.0,81.6,Healthy,832.4
4920.1,107.8,9.11,36.7,1988.0,91.3,Warning,437.9
9857.2,112.2,12.21,16.6,1630.0,30.1,Failure,161.1
2458.4,105.8,7.41,43.9,2210.0,91.9,Warning,752.3
6737.7,105.1,11.26,28.1,2251.0,61.6,Warning,217.1
7628.1,104.8,10.86,28.0,1533.0,46.0,Warning,284.1
2414.5,87.5,4.64,50.9,1315.0,30.4,Healthy,1095.5
7295.8,117.7,11.06,27.3,1789.0,60.0,Failure,242.9
3709.4,109.5,8.36,36.9,2269.0,80.6,Warning,505.1
6341.4,104.5,10.15,31.8,1216.0,74.5,Warning,298.6
6353.6,103.4,9.85,30.4,1834.0,28.5,Warning,350.7
5381.0,94.0,7.48,41.8,1847.0,30.1,Warning,718.3
948.4,96.5,4.08,51.0,2000.0,53.2,Healthy,964.2
8361.3,106.4,11.37,29.2,1097.0,45.7,Failure,253.5
3241.8,96.1,6.53,43.6,1974.0,41.3,Warning,819.7
1905.9,99.2,5.21,47.1,2264.0,44.7,Healthy,936.8
455.7,89.5,4.38,51.1,1170.0,81.2,Healthy,995.0
5929.4,106.8,9.61,34.1,1256.0,90.0,Warning,508.1
6791.8,108.5,11.1,28.9,2357.0,53.4,Warning,293.0
215.0,98.6,4.2,53.4,1171.0,88.4,Healthy,1020.2
5145.3,98.6,9.75,37.1,2182.0,47.5,Warning,565.8
2303.6,86.2,5.62,43.9,1638.0,58.4,Healthy,1082.8
6469.5,100.8,9.86,32.3,1271.0,40.8,Warning,360.8
1784.9,101.5,5.17,44.2,2206.0,69.8,Healthy,822.3
6924.8,120.7,10.78,26.1,1568.0,93.5,Failure,169.5
3898.0,101.1,8.15,37.6,1672.0,67.2,Warning,607.1
9370.5,111.8,13.26,24.3,1439.0,50.0,Failure,220.2
1418.3,100.9,5.71,48.1,1789.0,70.3,Healthy,854.9
3443.6,85.3,5.59,46.1,1145.0,33.6,Healthy,913.5
1179.1,97.3,5.41,50.6,1487.0,87.2,Healthy,808.1
9250.7,119.6,14.7,22.9,2354.0,60.2,Failure,192.3
8779.5,113.9,12.84,23.1,1287.0,56.5,Failure,247.4
2616.5,97.9,6.62,43.4,1885.0,66.0,Warning,749.8
6616.8,109.6,10.67,25.8,1388.0,68.7,Failure,260.0
8181.4,99.4,11.21,27.3,2060.0,30.0,Warning,227.8
5574.2,103.9,9.98,32.9,1096.0,72.8,Warning,432.9
5320.0,105.5,8.93,36.8,2355.0,41.9,Warning,470.9
2456.4,96.5,6.57,44.8,1581.0,75.0,Healthy,761.3
976.4,96.3,4.1,51.7,1254.0,82.6,Healthy,972.4
8977.3,118.8,12.87,18.9,1010.0,81.3,Failure,185.0
9009.2,112.8,13.6,22.1,1155.0,63.7,Failure,213.2
6349.4,108.9,10.23,34.6,1680.0,61.4,Warning,298.3
3423.3,89.8,6.9,46.6,1406.0,35.0,Healthy,829.2
3524.6,105.5,7.97,40.2,2143.0,79.3,Warning,595.5
7273.3,108.6,10.13,28.1,1546.0,44.0,Warning,239.5
8976.2,114.1,13.32,20.8,1273.0,59.8,Failure,246.7
8876.5,110.3,12.59,22.0,1826.0,44.9,Failure,195.7
7809.8,108.4,11.75,27.0,1960.0,34.4,Failure,222.9
6438.2,110.5,10.34,32.5,1151.0,69.1,Warning,273.0
887.2,76.4,2.6,56.0,1151.0,28.8,Healthy,1411.4
1658.2,99.7,5.22,44.1,955.0,77.4,Healthy,883.9
8990.6,112.7,14.0,27.6,2005.0,47.2,Failure,186.2
6084.0,101.9,9.5,36.3,1896.0,25.0,Warning,526.7
141.5,94.7,3.46,50.5,1612.0,60.8,Healthy,1079.1
1059.6,83.4,4.46,53.7,2166.0,28.3,Healthy,1150.1
6651.8,104.7,10.63,32.5,2109.0,44.3,Warning,336.9
100.4,93.1,3.97,58.1,1778.0,74.5,Healthy,1053.9
1650.0,87.5,4.29,49.3,2202.0,29.4,Healthy,1075.6
5509.9,115.0,9.8,34.5,1209.0,83.8,Warning,311.9
6934.4,96.4,10.14,37.3,1068.0,25.3,Warning,572.1
6537.0,101.1,9.53,31.8,1305.0,42.3,Warning,376.4
2281.5,98.1,6.42,45.1,986.0,76.9,Healthy,898.1
7136.2,103.2,10.85,28.2,1697.0,47.1,Warning,301.9
2410.6,92.0,5.34,48.2,2305.0,32.1,Healthy,958.0
3287.7,95.4,6.67,44.3,959.0,50.2,Warning,832.1
7477.6,103.9,10.69,31.4,1083.0,43.9,Warning,303.7
6513.8,113.0,11.36,31.9,1578.0,84.0,Failure,269.5
8499.8,111.9,12.64,23.0,2301.0,46.9,Failure,149.3
6593.2,106.5,10.89,25.4,1374.0,80.2,Warning,225.1
5704.7,113.3,10.5,31.5,1661.0,87.4,Warning,245.8
982.1,95.1,3.98,52.3,962.0,55.4,Healthy,965.0
3708.8,104.6,7.0,40.1,1123.0,88.7,Warning,638.4
2688.8,99.5,6.08,44.7,2380.0,51.4,Warning,816.0
2477.7,109.5,7.68,42.7,2348.0,92.5,Warning,647.0
9731.5,103.5,12.8,27.1,907.0,31.3,Failure,238.7
3961.3,112.8,8.23,38.9,2328.0,73.1,Warning,468.8
8925.9,116.5,12.73,21.1,1859.0,59.6,Failure,213.1
6329.8,114.1,10.01,30.0,2202.0,52.1,Warning,284.0
7958.4,111.6,11.47,25.2,1582.0,69.3,Failure,256.7
5051.2,113.8,9.22,38.3,1673.0,74.3,Warning,453.1
5790.2,101.3,8.58,36.1,1633.0,25.3,Warning,531.4
4950.6,101.8,7.96,38.6,1900.0,36.7,Warning,551.9
1992.7,97.5,5.53,45.7,1109.0,74.9,Healthy,826.0
7238.4,109.1,11.29,31.0,945.0,71.6,Warning,231.0
2843.7,108.2,7.93,46.3,1362.0,92.6,Warning,627.9
291.9,96.7,3.7,53.5,1957.0,78.3,Healthy,1078.0
6472.4,106.4,11.42,30.4,1203.0,91.6,Warning,313.2
1812.3,95.4,6.23,48.0,1910.0,74.2,Healthy,870.9
9407.6,115.6,13.46,15.4,2355.0,45.9,Failure,188.1
9541.6,109.3,12.84,24.6,1041.0,32.4,Failure,222.7
9152.9,120.9,13.87,19.9,1909.0,79.7,Failure,170.5
3733.1,106.7,7.71,41.0,1566.0,70.1,Warning,561.7
203.8,79.2,3.71,56.5,2202.0,28.4,Healthy,1130.6
9286.8,112.4,13.24,21.2,1166.0,50.2,Failure,187.7
4310.4,104.0,9.26,36.5,1939.0,92.0,Warning,521.7
9668.2,121.9,14.11,21.3,2157.0,60.0,Failure,162.8
9638.0,118.5,13.64,18.7,2317.0,55.3,Failure,180.2
8537.4,115.9,12.74,28.8,1925.0,57.0,Failure,230.6
2979.8,90.9,6.58,47.8,1646.0,39.6,Healthy,908.3
3881.7,104.1,6.87,37.7,1827.0,50.8,Warning,585.4
8518.8,117.9,12.4,23.3,2203.0,50.9,Failure,234.3
3203.4,94.6,6.19,44.3,1756.0,28.7,Healthy,893.1
1736.5,95.7,4.88,42.4,946.0,78.7,Healthy,819.4
5590.2,109.2,9.42,38.4,2296.0,54.2,Warning,404.8
9364.7,120.0,14.2,20.7,1934.0,82.6,Failure,212.5
6975.5,119.1,11.24,27.9,1915.0,84.5,Failure,226.8
5722.1,105.7,8.47,35.7,1224.0,39.8,Warning,393.5
1016.9,100.1,5.16,46.3,1888.0,71.0,Healthy,797.8
6169.3,103.7,9.45,32.1,1491.0,58.1,Warning,411.3
9901.0,125.9,14.39,18.0,1877.0,86.6,Failure,136.0
1443.8,82.8,3.8,50.5,1060.0,40.1,Healthy,1111.4
5207.4,110.4,9.81,28.1,1887.0,72.4,Warning,324.8
8779.9,121.0,13.57,20.8,2399.0,67.5,Failure,225.2
7420.6,98.3,10.53,30.5,972.0,45.7,Warning,370.4
6985.3,103.0,10.84,32.3,2366.0,34.6,Warning,398.3
7039.7,110.5,10.55,30.5,1510.0,70.6,Warning,341.2
3626.9,105.2,8.28,41.8,2206.0,76.7,Warning,662.8
2971.2,93.1,6.7,46.6,2074.0,47.1,Healthy,857.9
8103.1,116.8,12.4,27.1,1751.0,70.1,Failure,170.0
8110.6,113.5,12.7,21.8,2008.0,52.7,Failure,224.2
8677.4,119.3,13.15,22.9,2218.0,74.9,Failure,225.3
9136.7,107.8,13.22,25.6,1506.0,38.9,Failure,219.0
5137.9,113.1,9.57,30.3,1391.0,87.3,Warning,411.3
5040.1,107.8,8.53,33.1,1901.0,45.1,Warning,497.1
7993.0,110.7,12.17,24.7,2112.0,50.7,Failure,241.8
6517.1,101.0,9.93,32.5,2043.0,29.1,Warning,470.0
7034.6,107.4,11.16,33.0,2097.0,32.8,Warning,315.2
7968.1,111.0,11.63,24.5,1553.0,61.1,Failure,169.3
8905.6,112.9,12.71,21.4,2127.0,43.7,Failure,198.1
3413.1,105.0,7.73,39.1,1080.0,83.5,Warning,658.5
3787.1,86.8,6.45,48.4,1717.0,26.0,Healthy,863.7
985.1,92.5,4.1,52.3,909.0,51.5,Healthy,1044.1
5803.9,103.0,9.95,34.6,1387.0,48.6,Warning,387.3
407.6,81.5,2.65,57.0,1450.0,26.4,Healthy,1369.6
4682.7,96.4,8.0,43.8,1494.0,33.7,Warning,767.8
5449.3,105.1,8.9,33.7,1943.0,54.0,Warning,423.6
2901.1,91.3,6.71,49.2,1483.0,59.5,Healthy,889.9
5928.8,110.1,9.72,33.7,1573.0,53.3,Warning,339.2
353.5,90.0,3.72,53.8,1256.0,62.2,Healthy,1159.7
421.6,93.5,3.58,59.3,1460.0,66.7,Healthy,1139.0
8234.9,107.2,10.61,25.0,1241.0,25.7,Failure,267.4
3633.9,93.5,7.07,42.4,1010.0,57.5,Warning,784.0
1314.3,103.2,4.86,44.1,1805.0,92.4,Healthy,1018.6
5246.3,105.2,9.17,38.2,1902.0,61.3,Warning,448.5
7711.4,118.1,12.61,29.3,1829.0,72.4,Failure,177.0
2197.4,85.7,5.46,54.0,1595.0,46.8,Healthy,1025.7
6247.8,110.7,11.35,33.8,1470.0,79.2,Warning,210.4
899.2,97.0,5.55,49.8,2195.0,79.1,Healthy,835.9
564.2,93.6,3.75,52.0,1679.0,61.5,Healthy,1008.7
5337.0,113.9,10.03,28.2,1619.0,93.3,Warning,238.2
5429.3,94.1,8.18,43.7,938.0,33.8,Warning,648.4
6392.4,97.0,8.74,36.5,1412.0,26.2,Warning,578.4
7274.6,113.5,11.32,25.7,1470.0,78.9,Failure,221.8
9759.7,118.4,14.29,21.3,1498.0,81.5,Failure,180.1
5187.2,102.2,7.63,35.5,1770.0,33.4,Warning,612.6
3263.4,94.5,6.56,46.0,1700.0,43.6,Healthy,777.4
7962.1,95.4,11.25,30.2,1812.0,26.2,Warning,350.9
2744.8,94.9,5.57,48.1,2047.0,45.5,Healthy,917.8
4417.8,105.0,9.12,37.5,2119.0,79.1,Warning,418.2
830.6,88.3,4.77,49.4,1977.0,61.3,Healthy,895.5
302.2,87.1,3.92,55.7,2333.0,49.4,Healthy,1173.1
9628.4,112.4,13.12,23.6,927.0,51.0,Failure,221.6
8368.0,108.6,11.61,27.0,1194.0,25.1,Failure,290.3
6974.9,104.5,10.46,33.1,911.0,46.0,Warning,368.6
4119.1,102.7,8.38,36.8,1871.0,70.3,Warning,598.7
1774.3,106.4,6.16,45.0,2247.0,93.2,Warning,742.1
1606.5,96.7,5.58,46.3,1265.0,84.3,Healthy,899.6
2539.9,90.1,6.17,50.8,2291.0,26.7,Healthy,1039.3
5514.8,104.9,9.44,33.8,990.0,87.9,Warning,343.0
7160.2,111.1,12.95,29.4,2302.0,79.8,Failure,240.9
6619.0,110.6,10.75,32.2,1427.0,79.6,Warning,386.1
2835.3,95.4,6.02,47.2,1052.0,57.1,Healthy,877.2
9550.9,114.8,13.38,21.4,1629.0,52.9,Failure,240.7
7392.1,104.8,10.98,27.3,1285.0,46.2,Warning,245.3
5565.8,94.3,7.8,38.3,1327.0,29.6,Warning,654.6
6136.6,104.0,9.21,32.9,1361.0,41.0,Warning,440.8
4225.0,95.3,7.38,41.0,2105.0,42.3,Warning,614.1
2514.9,99.8,6.16,44.7,1709.0,58.9,Warning,742.6
3591.9,99.3,7.94,38.9,1367.0,77.3,Warning,593.3
7590.6,109.0,12.0,22.9,1816.0,58.2,Failure,250.6
193.2,80.0,2.02,56.5,1974.0,29.0,Healthy,1362.7
1204.9,97.3,6.06,49.1,1309.0,92.0,Healthy,904.9
507.7,101.2,4.7,46.8,1520.0,91.0,Healthy,956.5
455.3,95.2,3.67,52.1,1083.0,80.0,Healthy,1051.3
8561.8,123.0,13.37,25.1,1172.0,94.4,Failure,225.1
7051.4,113.5,11.41,31.0,1922.0,63.1,Failure,243.6
4768.0,104.7,8.82,40.0,1172.0,92.4,Warning,543.1
1023.4,85.4,3.82,55.4,1688.0,30.3,Healthy,1144.6
4941.6,100.4,8.48,41.1,1964.0,50.6,Warning,633.9
4761.0,101.4,7.56,37.3,1060.0,40.8,Warning,588.0
1773.4,86.6,4.54,49.8,1751.0,38.7,Healthy,1112.6
4366.8,98.4,6.7,34.3,1285.0,34.9,Warning,604.1
4015.1,109.2,8.45,41.6,2344.0,68.6,Warning,495.4
6177.7,118.0,10.84,33.5,1625.0,79.7,Failure,264.9
6369.2,109.6,10.97,29.8,2109.0,65.5,Warning,266.9
500.8,88.8,3.64,54.6,1725.0,35.3,Healthy,1115.7
3777.4,110.6,7.73,36.6,965.0,81.8,Warning,565.5
6277.3,108.4,10.39,32.5,1850.0,69.5,Warning,308.6
5056.2,100.0,9.46,40.6,2327.0,52.2,Warning,544.8
8572.1,110.8,12.62,19.3,1802.0,72.2,Failure,247.3
6604.0,109.4,10.11,32.6,2129.0,43.2,Warning,405.9
1671.2,88.2,4.87,50.2,2226.0,49.2,Healthy,1123.3
752.2,95.6,5.07,50.8,1242.0,89.2,Healthy,955.8
6442.1,104.6,10.16,34.0,1218.0,45.3,Warning,448.6
313.8,91.8,3.92,53.7,1816.0,57.9,Healthy,1039.8
5878.5,113.5,10.83,30.7,1517.0,87.3,Warning,218.2
9405.3,122.5,14.01,18.2,2160.0,74.5,Failure,117.1
5776.0,106.5,9.43,37.9,2250.0,29.4,Warning,533.7
3912.3,91.3,6.83,44.9,1430.0,35.3,Healthy,766.7
6450.7,96.5,9.66,35.9,1255.0,25.5,Warning,501.9
4609.6,104.0,8.85,34.5,2071.0,69.2,Warning,455.8
5478.9,106.1,8.9,34.2,1312.0,56.3,Warning,489.6
9417.6,116.0,13.57,24.1,2134.0,34.4,Failure,191.4
3891.7,109.1,8.69,38.0,1536.0,92.1,Warning,443.9
9613.8,122.6,13.85,20.3,1901.0,62.1,Failure,191.1
9058.2,104.8,12.44,29.1,1043.0,41.9,Failure,203.3
1998.1,102.3,5.22,49.4,1836.0,60.0,Healthy,820.2
740.1,99.9,3.42,50.8,1578.0,72.6,Healthy,887.7
1052.7,89.6,3.91,52.3,1780.0,30.3,Healthy,1006.9
231.3,91.4,3.12,48.8,1152.0,44.2,Healthy,1106.2
989.7,93.3,5.28,50.2,2005.0,81.5,Healthy,855.6
6845.9,109.1,10.35,29.4,2194.0,57.2,Warning,227.0
758.3,88.6,3.84,54.0,1225.0,63.3,Healthy,1126.0
3223.8,98.1,5.49,43.5,1044.0,55.3,Healthy,788.0
8456.5,100.1,11.94,27.3,935.0,28.1,Warning,341.9
281.6,89.3,2.75,51.4,1863.0,36.6,Healthy,1265.8
8154.0,117.5,12.81,22.2,1811.0,56.2,Failure,183.9
2854.5,96.3,6.38,47.3,1720.0,39.6,Healthy,868.5
1225.7,85.9,3.28,58.1,1248.0,28.5,Healthy,1223.7
6982.5,110.8,11.06,27.9,1486.0,84.1,Failure,230.9
6308.0,112.8,11.34,30.3,1792.0,93.7,Failure,208.7
8780.8,123.5,13.16,22.6,1645.0,80.5,Failure,190.9
7364.0,121.9,12.55,22.8,2382.0,84.8,Failure,199.8
8044.6,106.2,11.19,28.6,1105.0,41.9,Warning,231.2
2856.2,104.9,6.75,40.1,1943.0,92.2,Warning,692.0
1815.5,82.8,3.82,54.1,1506.0,38.8,Healthy,1117.7
7518.6,113.9,12.42,25.8,1542.0,91.6,Failure,194.6
8078.0,128.4,13.06,21.7,1976.0,94.6,Failure,187.3
9905.5,117.8,14.56,16.0,1939.0,74.8,Failure,183.3
4155.5,112.9,9.48,38.1,2387.0,93.7,Warning,373.6
3751.6,102.9,7.7,46.0,1093.0,64.9,Warning,726.5
7775.3,101.3,10.98,26.8,1056.0,43.2,Warning,214.7
3441.0,100.8,7.08,41.8,1987.0,55.6,Warning,673.7
9311.0,121.4,14.01,20.2,1768.0,66.5,Failure,175.1
8591.2,106.2,11.28,28.5,1311.0,30.1,Failure,231.7
4318.5,111.5,7.99,35.9,1019.0,68.6,Warning,463.5
7521.2,110.1,12.28,18.9,1028.0,93.7,Failure,265.9
7557.7,112.6,11.74,31.6,2241.0,38.3,Failure,219.9
1076.1,95.1,3.96,51.9,1188.0,80.5,Healthy,1182.7
9030.4,123.2,13.51,14.7,1385.0,88.6,Failure,185.3
5077.3,111.0,9.09,32.3,1240.0,91.1,Warning,398.6
8273.3,116.9,13.14,26.4,1432.0,92.2,Failure,222.5
3234.5,97.6,6.72,47.2,1004.0,61.5,Healthy,952.0
8960.5,116.1,14.64,22.7,1679.0,93.4,Failure,165.1
3922.6,104.4,7.49,38.9,1001.0,78.0,Warning,561.1
157.8,88.2,3.0,56.6,2101.0,36.3,Healthy,1143.9
9058.6,115.7,13.47,21.5,1251.0,58.4,Failure,199.8
958.3,100.1,4.92,52.6,1710.0,75.3,Healthy,848.5
3227.2,98.9,7.3,42.2,2220.0,42.3,Warning,714.0
9503.1,120.3,14.29,17.0,1876.0,69.8,Failure,217.1
9508.5,116.4,13.65,22.2,1699.0,71.7,Failure,199.6
5755.7,97.4,8.37,36.7,1387.0,36.4,Warning,568.6
6336.8,111.9,9.64,34.4,1400.0,64.6,Warning,329.2
4512.0,113.0,9.19,34.2,1904.0,79.0,Warning,438.1
2967.4,100.6,7.53,43.9,2391.0,59.9,Warning,668.9
3320.2,93.0,7.02,43.6,1893.0,25.8,Warning,875.0
6741.6,98.6,10.28,34.0,1737.0,25.6,Warning,524.0
7536.1,114.5,12.05,23.7,1996.0,50.0,Failure,228.2
7926.2,120.9,12.53,21.8,1598.0,89.8,Failure,202.0
7906.7,112.1,10.68,23.5,990.0,41.0,Failure,262.5
957.5,92.1,5.02,53.2,1743.0,69.4,Healthy,1091.2
4969.5,101.2,8.91,40.2,2336.0,40.5,Warning,530.3
622.7,87.9,3.44,50.1,1163.0,47.5,Healthy,1086.1
5517.8,114.3,10.34,35.5,1935.0,84.4,Warning,265.1
4443.2,103.4,8.47,44.2,1201.0,76.0,Warning,632.2
8882.7,105.9,12.94,25.6,1704.0,31.7,Failure,244.2
3541.6,99.5,7.24,41.0,1045.0,55.0,Warning,634.0
1214.8,88.4,4.01,60.5,1576.0,27.0,Healthy,1092.8
1472.8,92.3,5.5,47.0,2034.0,58.7,Healthy,854.2
7627.0,117.7,12.07,25.5,1421.0,71.4,Failure,196.7
6201.3,106.7,9.46,34.3,1897.0,33.3,Warning,440.1
1056.2,92.1,4.7,55.7,2093.0,45.2,Healthy,1012.0
886.9,93.9,3.97,53.1,2291.0,52.8,Healthy,1042.2
7024.6,116.5,11.97,25.4,1252.0,89.4,Failure,183.2
774.0,96.2,4.47,47.7,1499.0,94.5,Healthy,978.3
8227.5,104.0,11.37,27.3,1129.0,28.1,Failure,248.4
7077.1,109.5,11.7,25.8,2389.0,78.3,Failure,220.3
859.4,96.2,4.67,52.1,2291.0,51.0,Healthy,984.8
894.1,85.7,4.15,52.3,1710.0,52.5,Healthy,1129.3
9867.1,129.0,14.31,12.2,2163.0,77.8,Failure,130.3
3774.0,106.1,8.4,42.1,1681.0,89.3,Warning,518.1
3737.9,107.5,8.12,37.5,1835.0,91.6,Warning,624.1
8137.4,109.3,12.38,22.4,1034.0,65.4,Failure,207.9
9475.1,115.0,13.74,20.7,2033.0,50.0,Failure,192.4
9860.7,124.8,14.49,16.8,1092.0,80.1,Failure,189.3
7546.1,100.7,11.12,25.8,2139.0,42.6,Warning,446.5
3793.8,107.9,7.65,40.6,2073.0,64.5,Warning,534.6
880.8,92.9,4.06,49.9,1963.0,50.1,Healthy,1063.3
7782.6,107.2,12.07,31.1,954.0,71.0,Failure,228.2
5606.1,96.8,9.53,38.5,1355.0,41.8,Warning,525.6
4271.0,101.7,6.95,39.7,1295.0,38.4,Warning,632.5
9068.2,117.7,14.34,18.1,1440.0,89.3,Failure,153.6
1156.4,80.6,2.65,54.5,1031.0,32.1,Healthy,1252.1
4951.6,110.7,8.72,37.3,2305.0,60.4,Warning,396.4
163.0,87.8,2.69,56.2,1731.0,40.5,Healthy,1265.1
4713.2,91.7,6.99,41.1,1358.0,27.7,Warning,761.7
610.2,84.8,2.46,56.2,1495.0,27.5,Healthy,1264.6
1232.2,84.6,4.23,52.1,1571.0,37.3,Healthy,1088.8
1219.4,103.6,5.32,46.9,1801.0,85.7,Healthy,821.5
6509.6,108.8,10.28,26.7,1674.0,44.8,Warning,293.9
7473.1,122.4,13.01,26.5,2279.0,91.5,Failure,176.0
5854.5,109.0,10.02,33.7,1645.0,65.7,Warning,351.1
9623.6,125.3,14.53,16.5,2388.0,55.6,Failure,141.6
3780.0,104.1,7.93,45.2,2177.0,65.6,Warning,614.2
2892.8,92.5,5.79,45.9,1213.0,61.2,Healthy,757.7
8692.6,122.7,14.17,18.2,2296.0,78.1,Failure,209.9
2274.8,98.0,4.86,49.6,1075.0,44.8,Healthy,883.2
9634.1,113.2,13.59,21.9,2126.0,49.7,Failure,229.8
170.9,94.6,4.03,53.6,1471.0,87.6,Healthy,1132.3
9700.3,127.9,14.77,14.9,2217.0,91.3,Failure,121.3
479.4,99.6,4.72,51.9,2202.0,87.5,Healthy,902.6
8916.9,112.3,13.42,22.5,2109.0,54.4,Failure,271.1
5300.6,115.0,10.06,34.4,2085.0,79.6,Warning,404.3
9930.0,124.4,13.67,12.7,1357.0,58.3,Failure,164.1
784.3,90.3,3.6,51.8,1021.0,59.8,Healthy,1115.9
5560.9,97.3,9.27,41.6,1504.0,39.3,Warning,559.2
9694.6,111.2,14.05,18.3,1160.0,66.4,Failure,204.7
5254.8,102.1,9.58,36.0,1942.0,38.0,Warning,450.3
6312.5,108.1,10.31,31.4,1419.0,48.2,Warning,241.1
6972.7,119.7,12.53,23.5,2363.0,84.9,Failure,177.3
4572.7,99.2,7.43,34.6,1861.0,39.5,Warning,612.3
6294.2,101.0,10.11,34.2,2134.0,30.0,Warning,380.9
5863.9,93.7,8.66,37.8,1099.0,29.8,Warning,606.4
9016.5,127.3,14.14,18.2,2193.0,90.9,Failure,141.0
502.2,97.4,4.36,52.1,2284.0,60.5,Healthy,959.5
2845.6,91.2,6.67,46.5,1631.0,53.7,Healthy,911.8
9506.6,127.7,14.63,19.7,1809.0,81.8,Failure,170.0
8908.1,123.9,13.61,19.1,2047.0,83.5,Failure,180.1
4583.8,103.2,8.07,37.5,1162.0,48.3,Warning,610.2
6220.3,105.8,10.26,31.3,1654.0,73.6,Warning,377.3
2809.9,96.7,6.89,45.7,1498.0,79.0,Warning,857.7
1921.8,95.1,5.26,51.3,1120.0,70.8,Healthy,925.4
4663.8,98.7,7.64,38.6,1451.0,35.6,Warning,621.6
3565.9,109.4,7.81,39.4,1002.0,86.3,Warning,502.6
5857.4,106.6,8.98,34.4,939.0,62.7,Warning,426.1
823.5,85.9,4.29,51.8,1103.0,44.8,Healthy,1164.3
9745.2,115.5,13.63,19.9,2345.0,54.8,Failure,225.5
9862.8,115.2,13.18,17.3,1724.0,27.6,Failure,216.6
6996.7,103.5,10.96,27.5,2349.0,34.0,Warning,213.8
5384.2,114.5,9.89,33.7,1549.0,78.6,Warning,379.9
3129.8,89.0,5.68,46.4,1368.0,25.0,Healthy,812.0
8147.3,117.2,12.13,25.2,1659.0,54.2,Failure,239.9
6863.1,111.6,11.03,29.4,1559.0,61.6,Failure,238.5
1668.0,84.9,3.92,50.1,1058.0,28.8,Healthy,1145.4
9113.7,121.9,14.87,18.7,1861.0,93.1,Failure,137.6
8234.2,105.9,11.98,24.1,1224.0,40.8,Failure,264.6
9500.5,115.9,13.9,24.5,1829.0,46.3,Failure,161.7
7270.9,108.6,10.74,26.1,1875.0,46.3,Failure,231.6
6153.5,98.9,9.27,34.6,1128.0,41.1,Warning,453.1
4211.5,90.9,6.56,40.9,992.0,25.1,Warning,714.9
9330.6,121.8,13.86,20.4,2071.0,76.1,Failure,184.9
8667.3,113.8,13.79,20.9,1590.0,92.7,Failure,244.4
499.9,86.1,2.77,54.2,987.0,40.7,Healthy,1366.5
312.4,93.1,4.69,55.4,2392.0,71.4,Healthy,1065.8
3795.8,97.6,7.09,41.1,987.0,76.9,Warning,765.8
8115.0,113.5,13.74,25.3,1943.0,84.4,Failure,215.3
9873.4,113.3,14.15,17.4,2376.0,54.6,Failure,199.8
1546.6,85.0,4.53,48.5,1259.0,46.2,Healthy,1040.3
5961.6,99.4,9.56,35.5,1113.0,47.8,Warning,500.3
3839.9,108.6,7.34,38.2,1082.0,74.9,Warning,600.4
9700.6,119.0,14.71,19.6,1355.0,82.2,Failure,162.4
8429.1,106.9,11.18,26.3,1052.0,37.7,Failure,242.2
8391.4,114.2,13.1,25.2,1938.0,51.0,Failure,211.5
4713.5,107.2,8.81,31.8,993.0,88.1,Warning,480.0
4177.5,106.3,8.23,42.7,1664.0,81.5,Warning,542.0
2770.4,104.2,7.57,41.9,2395.0,93.9,Warning,653.8
610.9,102.7,5.07,52.0,2121.0,77.8,Healthy,1036.0
8654.0,119.7,12.54,20.6,1823.0,52.5,Failure,229.3
8138.4,107.2,11.96,26.7,1359.0,66.3,Failure,272.0
9997.2,117.7,14.64,14.6,1836.0,71.3,Failure,170.9
9966.5,110.7,13.11,22.4,1691.0,30.5,Failure,217.2
5576.5,102.5,10.2,34.3,1539.0,63.1,Warning,471.5
7701.4,114.3,11.6,25.7,1096.0,74.7,Failure,268.2
9450.4,111.3,13.84,24.2,2230.0,36.7,Failure,157.6
8504.0,125.5,13.21,17.7,1575.0,79.6,Failure,147.2
2511.1,100.7,5.56,43.4,1192.0,65.9,Healthy,883.9
4532.9,109.6,8.98,36.9,1452.0,91.7,Warning,450.6
1335.1,89.8,4.23,58.0,1521.0,28.0,Healthy,1054.6
9542.8,119.1,13.65,20.1,2141.0,43.6,Failure,156.3
6081.4,108.2,10.89,33.8,2000.0,67.1,Warning,304.0
2325.0,92.3,6.19,48.0,2054.0,45.8,Healthy,811.8
6733.4,109.4,11.02,34.5,917.0,75.0,Warning,400.4
6200.4,113.9,10.34,26.0,1524.0,78.1,Failure,245.6
3613.7,94.4,6.16,44.7,1622.0,32.2,Healthy,822.0
1179.9,85.1,3.96,48.4,929.0,61.0,Healthy,1128.3
6732.2,104.8,10.61,24.9,1290.0,60.6,Warning,324.1
5227.1,104.1,9.31,37.3,2040.0,50.8,Warning,532.6
7734.6,115.9,11.39,24.8,1106.0,90.3,Failure,253.7
5225.6,116.9,9.68,32.0,1703.0,82.9,Warning,277.7
8529.2,110.4,12.85,23.5,1223.0,73.8,Failure,210.8
5541.5,107.6,9.23,41.5,918.0,75.0,Warning,529.6
5631.3,108.8,9.73,33.5,1262.0,57.3,Warning,360.0
8772.7,132.0,14.33,19.6,2364.0,89.5,Failure,161.2
4064.7,104.9,8.95,37.4,2102.0,73.6,Warning,537.9
1383.5,102.1,5.6,48.7,2339.0,76.0,Healthy,905.6
336.4,98.5,4.7,50.9,1632.0,85.3,Healthy,865.7
7563.6,106.0,11.54,28.1,1065.0,44.2,Failure,265.9
6222.1,112.2,11.28,35.0,1722.0,81.5,Warning,271.6
7055.6,106.4,10.08,33.9,1582.0,38.7,Warning,401.2
2169.0,87.1,5.67,49.9,2167.0,49.2,Healthy,1035.6
1406.9,91.4,4.08,45.5,1047.0,48.5,Healthy,1095.6
194.7,98.4,4.57,50.7,1632.0,93.5,Healthy,1061.4
3538.3,102.5,7.79,47.3,1125.0,85.0,Warning,759.4
5919.7,115.8,9.7,30.5,1387.0,74.1,Warning,355.1
3952.8,103.8,8.33,42.2,2006.0,75.9,Warning,620.5
4402.9,101.8,7.45,42.6,1614.0,64.3,Warning,664.8
9046.4,128.5,14.53,18.5,1464.0,91.3,Failure,184.7
3515.1,96.3,6.89,40.9,1492.0,59.7,Warning,773.4
5164.2,100.5,8.79,31.3,1589.0,51.6,Warning,479.3
7847.3,108.1,11.52,29.9,2078.0,36.4,Failure,257.1
3995.6,111.1,9.05,35.8,2238.0,80.0,Warning,443.7
6239.8,114.7,9.9,30.6,2333.0,76.4,Warning,247.1
8630.5,109.7,12.88,21.5,2080.0,51.9,Failure,247.6
9497.7,106.3,12.73,23.1,1373.0,26.8,Failure,223.8
1513.4,98.6,5.58,47.9,1932.0,83.7,Healthy,1003.9
9269.5,107.8,13.3,24.9,1556.0,25.8,Failure,177.9
4946.6,107.0,8.54,33.0,1282.0,74.3,Warning,440.2
2619.5,108.2,7.66,45.1,2161.0,92.9,Warning,648.9
4618.4,92.9,8.01,38.8,958.0,55.6,Warning,729.4
9801.3,119.7,14.53,15.4,2253.0,41.4,Failure,180.1
4951.6,107.7,8.83,35.4,1592.0,74.3,Warning,480.4
3321.1,110.0,7.37,40.2,1856.0,82.2,Warning,537.8
6352.3,111.1,10.99,31.5,1889.0,63.3,Warning,219.7
2439.4,110.4,7.37,45.7,2243.0,92.7,Warning,664.9
804.8,87.9,2.94,54.2,1855.0,28.6,Healthy,1094.4
1332.4,99.3,4.7,49.1,1821.0,60.3,Healthy,900.1
1324.1,96.3,4.92,46.5,1000.0,75.3,Healthy,954.7
1561.4,99.8,6.04,49.4,1678.0,85.4,Healthy,802.2
1431.3,94.9,3.74,51.5,1125.0,37.5,Healthy,1134.9
6426.7,117.3,9.98,27.8,2006.0,81.0,Failure,276.8
1859.7,98.2,5.69,43.0,1668.0,63.7,Healthy,734.3
3489.4,94.9,6.67,47.3,1920.0,52.8,Healthy,767.3
8973.0,102.2,11.32,22.7,963.0,34.2,Failure,185.9
4765.9,107.5,7.69,34.2,1027.0,85.6,Warning,481.8
6692.2,105.4,10.62,33.3,1974.0,36.0,Warning,387.2
1764.6,87.3,4.59,47.9,1008.0,46.7,Healthy,1003.3
1963.3,90.2,4.63,46.1,1007.0,45.3,Healthy,1007.3
456.6,99.6,4.58,45.6,918.0,86.0,Healthy,825.5
1730.9,102.9,6.22,48.7,2335.0,72.1,Healthy,863.1
2822.0,100.0,7.82,42.2,2006.0,80.8,Warning,658.9
1811.3,90.0,4.19,57.8,1430.0,42.5,Healthy,1088.1
932.6,90.5,4.37,49.4,1345.0,68.7,Healthy,1031.2
1250.3,92.4,4.04,48.4,1425.0,65.0,Healthy,944.9
4634.7,108.4,9.18,34.7,2062.0,83.3,Warning,390.1
2103.0,101.6,6.41,45.8,1892.0,88.4,Warning,828.0
3674.5,86.5,6.47,44.8,1178.0,25.9,Healthy,906.8
5059.0,104.4,8.91,37.5,1161.0,72.2,Warning,558.0
6919.4,98.1,10.03,30.9,1048.0,28.6,Warning,436.7
441.2,82.8,4.33,51.7,1890.0,63.4,Healthy,1146.3
8004.1,118.1,12.87,21.0,2047.0,45.1,Failure,159.4
6297.6,107.1,9.57,27.3,1298.0,46.5,Warning,327.0
863.5,85.9,3.2,52.6,931.0,49.7,Healthy,1164.6
8742.1,113.9,12.87,22.0,1023.0,68.5,Failure,257.8
9212.7,112.1,13.29,20.9,2352.0,48.4,Failure,222.1
657.7,100.2,4.86,53.8,1343.0,76.3,Healthy,1062.3
2804.9,104.8,6.39,47.2,2054.0,53.3,Warning,784.0
8071.7,107.4,11.35,27.1,1837.0,29.8,Failure,226.6
7495.2,118.3,11.77,20.8,1473.0,79.9,Failure,216.3
1886.0,90.8,5.04,48.5,1209.0,45.0,Healthy,991.7
2133.0,88.0,5.14,47.7,1082.0,55.3,Healthy,930.2
3736.2,102.7,7.62,38.9,1823.0,73.0,Warning,607.0
4871.0,103.3,9.32,36.3,2062.0,48.3,Warning,483.3
6201.6,99.9,9.17,33.7,1866.0,29.0,Warning,557.0
3720.7,98.0,7.25,41.5,1695.0,51.2,Warning,616.3
4652.2,106.8,9.06,34.4,963.0,91.1,Warning,514.2
7487.3,115.9,11.6,26.8,2353.0,69.9,Failure,205.7
415.0,95.9,4.56,53.3,2098.0,72.0,Healthy,940.9
2561.7,94.3,5.76,43.7,1339.0,69.3,Healthy,925.6
7147.8,105.9,11.45,33.9,2370.0,38.9,Warning,338.3
8957.3,110.0,12.75,21.0,1803.0,54.3,Failure,245.5
5141.2,112.3,9.78,30.0,1774.0,77.6,Warning,362.5
5344.5,93.1,9.19,40.1,2022.0,32.1,Warning,712.3
1116.4,95.8,4.81,49.5,2118.0,44.4,Healthy,999.4
4501.8,105.1,8.14,39.9,1885.0,44.3,Warning,566.6
5349.5,100.6,8.66,30.6,1092.0,55.2,Warning,504.3
2462.6,94.2,6.5,48.6,1407.0,93.6,Healthy,940.7
2729.0,92.5,6.57,49.4,2292.0,29.7,Healthy,835.8
3804.0,99.1,7.01,37.8,1237.0,61.3,Warning,645.9
249.7,81.5,2.51,53.6,1458.0,37.6,Healthy,1240.5
3254.7,104.2,7.94,45.0,1548.0,92.9,Warning,564.4
2153.9,95.1,4.65,47.1,1559.0,32.9,Healthy,947.9
3308.6,100.9,6.53,41.1,1819.0,53.3,Warning,636.4
1241.6,96.7,4.95,43.7,2315.0,76.7,Healthy,897.3
8910.7,111.0,13.05,21.5,1261.0,74.3,Failure,232.6
5956.2,102.1,9.36,33.9,1082.0,54.6,Warning,440.4
6807.1,104.1,10.36,33.4,1196.0,49.3,Warning,451.1
7902.3,114.8,12.59,22.5,2230.0,52.8,Failure,177.0
5009.5,99.5,8.78,34.7,1869.0,43.5,Warning,590.2
914.9,88.6,3.54,54.9,1329.0,39.4,Healthy,1186.5
5394.2,113.7,9.45,36.5,2124.0,58.8,Warning,307.9
5889.1,108.1,9.95,30.2,2192.0,43.8,Warning,467.1
7467.1,109.7,12.01,31.4,2170.0,45.1,Failure,242.1
4345.0,106.6,8.83,38.0,2278.0,71.0,Warning,472.1
1319.4,98.2,5.18,50.8,1278.0,92.8,Healthy,849.6
2873.6,105.4,6.52,42.9,2033.0,67.3,Warning,694.3
3662.7,91.4,6.0,38.6,1591.0,30.4,Healthy,796.5
6476.9,104.0,10.3,33.3,2163.0,30.3,Warning,389.1
5729.2,114.7,10.87,33.7,1993.0,91.6,Warning,262.5
3593.2,97.0,7.42,41.1,2065.0,45.8,Warning,737.3
9865.8,107.6,13.56,21.1,1884.0,31.4,Failure,198.7
6077.5,107.7,10.45,32.0,1166.0,66.9,Warning,250.6
2410.4,98.8,6.05,38.4,1718.0,68.7,Warning,747.0
1062.7,100.1,5.6,53.8,2377.0,70.4,Healthy,786.8
1570.9,91.8,5.05,48.6,2306.0,43.7,Healthy,996.0
2497.3,91.0,4.56,50.2,965.0,26.1,Healthy,945.6
1648.8,96.7,5.88,47.1,1147.0,92.6,Healthy,883.6
1906.3,95.3,4.81,52.4,1098.0,42.6,Healthy,1062.3
2886.7,96.2,7.17,45.5,1989.0,72.3,Warning,737.6
1775.1,101.7,5.98,46.3,2127.0,74.5,Healthy,877.7
8972.8,116.8,13.11,19.3,1220.0,67.7,Failure,185.8
848.3,86.8,4.9,55.9,1659.0,46.9,Healthy,1203.2
5268.9,104.9,9.52,32.0,2161.0,44.0,Warning,405.5
4133.4,109.1,8.56,40.0,1999.0,66.8,Warning,486.4
9824.7,115.7,14.86,15.3,1713.0,85.6,Failure,190.6
1164.8,102.5,5.88,51.0,1786.0,91.3,Healthy,838.7
4008.7,86.6,7.27,45.0,1663.0,32.4,Healthy,789.3
9696.2,107.3,13.21,24.1,1346.0,35.8,Failure,205.7
8661.8,127.3,13.58,19.6,1748.0,91.1,Failure,175.4
8179.9,115.8,12.89,19.4,1933.0,76.6,Failure,236.5
2616.1,101.5,5.96,41.5,2210.0,86.8,Warning,670.8
1750.3,90.6,4.95,52.4,1854.0,39.2,Healthy,1024.1
6703.0,119.1,10.91,28.8,2042.0,66.1,Failure,251.4
9297.3,110.7,14.23,24.2,1140.0,74.1,Failure,209.1
5589.8,104.6,9.77,35.3,1592.0,72.6,Warning,497.1
5737.5,106.9,8.55,31.9,914.0,53.6,Warning,439.4
2835.8,95.5,5.35,45.0,1270.0,26.1,Healthy,861.3
7706.5,114.0,11.75,26.4,1990.0,65.8,Failure,244.4
1911.1,90.4,5.65,44.3,2388.0,42.7,Healthy,918.3
3270.6,103.3,6.58,46.9,1049.0,56.5,Warning,733.4
4283.1,114.1,9.13,36.9,1502.0,92.0,Warning,442.3
5100.7,107.1,8.73,39.4,2100.0,52.9,Warning,483.4
2462.0,97.5,6.37,41.0,1206.0,83.8,Warning,745.5
1192.6,88.8,3.6,56.0,1733.0,38.2,Healthy,1105.6
6125.7,110.8,10.87,37.0,2000.0,72.1,Warning,396.5
2921.9,107.5,7.7,37.9,1824.0,93.4,Warning,436.6
5833.3,103.4,8.96,37.6,1182.0,32.1,Warning,523.9
1585.9,89.1,4.08,52.2,1433.0,25.6,Healthy,1080.8
4837.3,100.6,8.97,34.4,2076.0,55.4,Warning,441.9
5349.3,103.9,9.2,38.4,1731.0,31.5,Warning,519.0
565.6,93.5,3.81,54.2,908.0,77.4,Healthy,1115.9
3399.2,110.0,8.1,38.0,2041.0,89.0,Warning,558.0
1387.4,95.2,3.87,53.2,953.0,55.4,Healthy,887.0
680.6,85.9,3.54,50.6,2019.0,43.1,Healthy,1216.6
9900.1,114.8,13.87,15.7,1204.0,55.4,Failure,165.9
3257.4,103.6,8.18,42.1,2337.0,75.6,Warning,656.9
8108.3,98.9,11.16,29.6,1452.0,25.6,Warning,361.0
2583.7,98.8,6.07,43.4,1390.0,66.3,Warning,756.4
6831.0,117.5,10.55,30.2,1123.0,67.9,Failure,260.0
7614.3,105.9,11.55,29.0,1358.0,69.6,Failure,240.0
5976.6,105.1,9.93,36.6,2215.0,41.9,Warning,338.7
4742.2,112.0,8.79,35.2,2395.0,75.0,Warning,484.4
4147.8,95.0,7.57,44.2,1452.0,31.4,Warning,703.6
3521.2,94.6,6.36,43.2,1573.0,38.9,Healthy,751.5
9298.8,118.8,14.72,24.3,1983.0,86.4,Failure,176.4
8314.7,120.3,12.75,20.5,2229.0,76.7,Failure,205.0
9652.0,107.5,13.45,28.3,1790.0,26.0,Failure,221.0
1286.8,81.5,4.47,53.8,1487.0,42.4,Healthy,1181.7
7322.1,109.8,10.96,26.0,1519.0,40.0,Failure,210.6
9386.5,117.4,13.04,24.7,1943.0,44.0,Failure,185.6
1853.3,88.5,4.56,50.9,905.0,42.3,Healthy,1038.3
711.6,86.9,2.99,57.3,1829.0,29.4,Healthy,1306.5
7424.2,113.1,11.19,30.7,1433.0,57.1,Failure,241.4
5766.0,112.4,10.77,32.9,2091.0,76.3,Warning,342.5
8426.2,115.9,12.72,21.9,1039.0,67.5,Failure,208.7
1440.7,96.3,5.31,51.5,1782.0,72.1,Healthy,920.7
7962.9,110.4,10.95,27.7,1621.0,30.7,Failure,238.0
2056.2,104.8,6.77,46.3,1863.0,91.6,Warning,735.0
1678.4,97.9,5.37,42.0,997.0,83.7,Healthy,876.2
1684.4,95.5,4.86,49.1,1770.0,81.4,Healthy,1033.9
8155.0,119.3,13.24,21.3,1742.0,82.6,Failure,206.3
6668.7,112.9,11.47,32.6,1741.0,90.3,Failure,277.2
5254.5,103.9,9.77,37.5,1805.0,63.1,Warning,427.2
3620.4,93.8,6.52,44.8,1915.0,39.0,Healthy,789.7
8778.1,114.6,12.21,23.7,2107.0,68.2,Failure,198.4
3954.8,110.9,8.0,35.6,1305.0,77.0,Warning,511.4
8175.2,123.3,13.16,26.5,2138.0,76.7,Failure,191.0
4419.4,109.5,7.55,42.7,1647.0,61.5,Warning,621.9
3800.6,87.1,5.97,46.2,1016.0,29.8,Healthy,856.8
4653.7,98.6,8.91,43.4,988.0,51.0,Warning,626.6
3048.7,99.5,7.14,41.0,1401.0,89.5,Warning,738.2
7488.7,111.7,12.28,25.2,2077.0,65.9,Failure,175.7
5052.1,102.9,8.89,36.9,1962.0,62.7,Warning,615.4
2360.5,99.3,4.96,48.1,2083.0,43.8,Healthy,875.6
9000.8,112.0,12.95,22.1,1676.0,50.8,Failure,160.3
3869.7,110.4,8.12,39.3,1560.0,87.7,Warning,539.0
5458.4,107.8,9.14,34.9,1121.0,71.7,Warning,439.6
9069.4,126.9,13.6,16.2,1392.0,80.1,Failure,167.9
6261.2,101.3,10.18,34.8,1551.0,56.8,Warning,476.6
1213.1,97.3,4.45,51.9,1033.0,69.1,Healthy,1034.6
9401.3,114.8,12.46,22.2,1231.0,42.4,Failure,216.8
6295.7,108.1,10.9,34.2,1797.0,74.4,Warning,349.4
3382.3,103.4,6.37,39.4,2003.0,54.9,Warning,684.0
1435.8,97.5,4.46,50.8,2398.0,56.0,Healthy,1080.4
7950.6,116.5,13.04,21.7,2300.0,70.5,Failure,168.0
6219.7,112.2,11.27,27.2,1864.0,90.5,Failure,246.2
5357.9,95.4,8.37,37.2,1532.0,29.5,Warning,615.2
8944.2,128.1,13.31,16.4,1854.0,82.7,Failure,191.5
7896.5,110.8,11.64,25.7,2078.0,45.5,Failure,213.1
1559.2,93.9,4.49,49.4,1078.0,56.1,Healthy,884.8
3151.6,88.2,5.24,49.4,1515.0,26.5,Healthy,988.1
2522.5,93.5,5.78,46.6,2160.0,46.1,Healthy,905.8
7452.3,114.0,11.69,23.3,1476.0,60.2,Failure,262.7
383.6,80.0,3.61,60.4,1758.0,28.9,Healthy,1153.5
5720.4,105.1,9.52,32.3,1782.0,59.4,Warning,468.3
7636.5,116.2,12.49,24.6,1177.0,89.9,Failure,275.6
8773.8,108.1,11.4,26.6,1443.0,32.4,Failure,230.1
3453.7,102.2,7.7,41.7,1402.0,78.5,Warning,597.9
8221.5,110.1,11.45,28.5,939.0,53.7,Failure,230.5
1150.8,95.1,4.55,51.4,936.0,70.9,Healthy,1002.4
8472.2,114.7,12.44,22.5,2148.0,43.2,Failure,227.2
1318.5,83.7,4.5,59.0,1310.0,36.2,Healthy,1102.8
4003.0,95.2,6.81,43.3,1677.0,36.2,Warning,838.6
7983.1,108.7,11.42,27.6,1348.0,29.9,Failure,214.6
1541.7,95.4,4.78,53.0,2311.0,38.0,Healthy,891.1
2331.1,92.8,5.89,47.5,1289.0,71.5,Healthy,967.1
7236.4,117.0,11.82,27.0,1544.0,86.7,Failure,169.5
7214.4,110.5,11.83,33.8,2209.0,82.0,Failure,243.6
6429.4,113.2,11.04,29.3,2163.0,73.0,Failure,324.0
6954.8,108.2,9.98,30.4,1179.0,32.7,Warning,326.5
5450.1,100.7,9.34,37.1,2104.0,45.2,Warning,463.2
2555.4,91.1,5.8,50.4,1587.0,46.7,Healthy,940.1
3489.7,98.6,7.04,39.8,1624.0,42.5,Warning,700.3
1856.9,87.8,5.43,44.9,1100.0,61.1,Healthy,962.5
9089.1,111.2,12.58,20.9,1021.0,62.5,Failure,229.7
5854.7,107.8,10.08,29.9,1992.0,50.0,Warning,292.7
4038.5,96.9,7.04,40.7,1645.0,49.8,Warning,792.6
4647.0,106.9,9.19,37.6,1555.0,83.0,Warning,492.9
9475.5,125.1,14.72,15.5,1994.0,80.3,Failure,178.6
1575.8,94.7,4.21,46.6,2048.0,46.5,Healthy,932.7
5883.0,111.7,10.24,31.4,1138.0,89.0,Warning,367.1
5083.6,110.8,9.63,36.0,1815.0,91.7,Warning,391.6
6134.0,103.6,9.13,29.7,1103.0,47.9,Warning,429.8
230.2,89.6,4.11,57.3,2027.0,49.8,Healthy,1065.4
8727.6,117.2,12.83,24.6,1885.0,60.4,Failure,183.4
9324.6,124.1,14.47,20.3,2335.0,90.9,Failure,190.1
5673.1,108.4,9.86,35.7,1003.0,86.3,Warning,381.1
6981.7,97.3,10.17,38.6,986.0,32.2,Warning,454.4
9228.9,112.8,13.03,21.3,1323.0,52.5,Failure,190.6
7087.0,106.4,11.46,29.9,1293.0,63.7,Warning,295.4
1567.8,89.0,5.04,49.5,1270.0,60.2,Healthy,970.6
5784.1,105.0,8.67,35.3,2259.0,38.6,Warning,479.2
6086.8,111.8,10.21,34.6,1274.0,85.1,Warning,336.8
4270.1,106.1,7.9,34.9,1308.0,72.4,Warning,447.3
7377.6,116.0,12.47,23.8,2039.0,83.7,Failure,179.4
9347.0,122.9,13.14,21.8,1575.0,85.1,Failure,197.7
9259.4,123.5,15.23,21.4,2065.0,77.4,Failure,150.9
4535.9,100.7,8.02,38.3,998.0,55.7,Warning,651.5
1176.7,92.1,4.87,53.0,1631.0,67.7,Healthy,1085.5
9849.2,110.0,13.61,22.3,950.0,36.2,Failure,224.0
8397.0,114.8,13.4,27.2,994.0,72.2,Failure,258.2
1290.4,91.3,4.92,52.3,2260.0,37.5,Healthy,1019.2
9212.4,109.3,13.85,24.3,1109.0,73.6,Failure,226.7
8705.5,111.1,12.52,31.3,1699.0,41.1,Failure,218.3
5212.4,106.0,8.26,38.7,1517.0,33.2,Warning,647.2
5933.2,99.3,8.94,36.0,1421.0,36.6,Warning,616.8
4020.1,93.6,6.93,45.4,2250.0,25.1,Warning,796.8
594.9,93.4,3.65,51.2,933.0,75.3,Healthy,1091.1
3385.2,105.2,7.08,47.0,1896.0,76.3,Warning,769.3
8038.4,119.9,12.6,24.7,2345.0,61.0,Failure,204.4
96.1,81.1,2.23,57.2,1740.0,36.3,Healthy,1253.0
3368.3,98.4,6.79,42.5,2305.0,30.8,Warning,782.2
4011.8,93.2,6.47,46.4,978.0,26.3,Healthy,836.5
5397.1,99.0,8.67,39.8,1528.0,36.6,Warning,595.9
9202.6,121.5,13.7,17.7,1290.0,87.4,Failure,159.1
3496.1,100.9,8.17,44.6,1996.0,41.9,Warning,592.8
3502.2,103.7,7.92,38.5,2372.0,49.8,Warning,610.8
7388.1,99.2,10.04,32.0,1285.0,32.4,Warning,454.1
4549.6,102.4,8.09,40.7,1881.0,40.6,Warning,597.5
2284.8,94.7,5.35,51.5,1197.0,61.3,Healthy,1034.1
4551.8,105.1,8.18,35.8,1748.0,67.5,Warning,500.7
1451.5,90.2,3.91,48.4,1596.0,42.2,Healthy,980.4
1805.1,90.7,5.16,48.8,2358.0,29.0,Healthy,972.3
5008.8,107.3,8.48,33.3,1813.0,52.4,Warning,464.0
4218.3,96.6,7.75,45.0,1424.0,41.4,Warning,756.5
9152.7,105.1,12.94,28.3,1071.0,40.4,Failure,213.2
3655.8,103.8,8.38,40.4,1127.0,92.2,Warning,653.7
5826.9,107.1,9.35,36.3,1238.0,68.1,Warning,530.1
6341.0,111.5,10.36,31.4,1276.0,64.0,Warning,296.5
180.3,93.6,3.96,54.2,2176.0,54.1,Healthy,1161.0
6652.2,105.0,10.39,30.8,1742.0,55.0,Warning,297.5
1821.5,104.6,5.12,46.0,1685.0,62.9,Healthy,890.3
9612.6,118.5,14.53,14.9,1072.0,73.8,Failure,197.9
1529.2,104.2,5.8,47.9,2190.0,74.2,Healthy,871.3
4175.5,97.6,7.81,41.7,1984.0,37.0,Warning,679.5
899.2,91.8,3.59,54.1,1002.0,60.0,Healthy,930.1
9968.9,120.9,13.85,18.5,1962.0,53.8,Failure,162.8
5046.8,114.4,9.34,33.1,1715.0,85.9,Warning,330.2
5974.1,109.9,9.69,30.1,1023.0,69.2,Warning,294.7
717.4,95.4,3.71,52.2,1587.0,62.3,Healthy,1061.5
7512.1,104.0,10.9,32.0,1627.0,33.1,Warning,307.5
2138.6,93.6,4.88,44.7,1149.0,67.4,Healthy,870.7
8985.6,113.3,12.52,24.0,2319.0,33.2,Failure,189.4
2091.1,98.9,5.94,48.3,2175.0,48.6,Healthy,811.6
1947.3,90.3,5.25,48.6,1904.0,35.0,Healthy,1038.7
413.7,97.7,3.93,50.6,1593.0,73.4,Healthy,972.7
4747.1,103.4,7.55,39.4,1518.0,39.4,Warning,586.1
5670.2,102.0,9.11,32.6,1876.0,52.4,Warning,447.1
703.8,95.5,4.69,51.6,1718.0,87.7,Healthy,1020.9
7766.5,104.0,11.2,26.8,993.0,39.3,Warning,279.2
4560.2,104.1,8.74,40.9,1669.0,60.5,Warning,424.3
5267.7,103.7,9.07,42.2,2110.0,54.3,Warning,595.9
4435.6,99.6,6.87,39.0,1589.0,26.3,Warning,743.4
4037.6,104.6,7.97,40.2,978.0,80.5,Warning,549.4
5618.4,101.1,8.7,35.1,2079.0,29.8,Warning,476.2
1594.6,87.3,4.55,53.5,1202.0,58.2,Healthy,1057.4
1860.2,90.1,5.79,46.1,1288.0,64.2,Healthy,879.9
8624.8,115.1,13.06,24.0,1147.0,69.0,Failure,214.7
9463.8,111.0,13.98,18.5,1395.0,73.2,Failure,147.2
3764.4,102.0,6.77,41.5,2035.0,42.7,Warning,645.7
2743.9,89.8,5.59,45.8,1679.0,25.7,Healthy,1012.8
6457.8,121.1,10.97,30.4,1207.0,75.6,Failure,212.0
4116.9,112.6,8.13,35.9,2217.0,62.5,Warning,531.8
302.6,97.8,5.15,53.2,2219.0,83.5,Healthy,999.7
1603.7,101.5,6.52,46.2,2206.0,82.5,Warning,710.7
7173.9,117.3,12.24,26.0,1258.0,84.0,Failure,236.5
6606.3,114.0,10.65,30.4,1577.0,59.0,Failure,246.6
319.6,85.7,4.08,53.8,2377.0,48.4,Healthy,1118.5
2258.6,96.3,7.15,46.5,2058.0,80.4,Healthy,815.0
2349.2,90.8,5.57,51.7,941.0,56.6,Healthy,1002.9
6735.3,103.4,9.58,30.6,998.0,37.8,Warning,427.8
246.1,97.7,4.01,54.9,1596.0,84.8,Healthy,1121.7
1085.9,105.3,5.67,51.6,2264.0,86.8,Healthy,881.0
8009.2,108.0,11.6,24.6,1708.0,57.6,Failure,202.5
1826.5,80.5,4.54,49.1,1647.0,30.3,Healthy,1073.3
6544.8,107.2,10.4,32.5,1058.0,52.1,Warning,474.3
2419.9,99.6,5.79,43.5,1885.0,81.2,Healthy,848.9
1039.4,94.1,6.09,54.6,2133.0,88.1,Healthy,1108.8
2469.6,92.2,5.87,48.2,1471.0,39.2,Healthy,996.2
7236.6,108.2,10.61,28.5,2063.0,29.7,Warning,285.2
8564.2,122.3,14.07,18.0,2347.0,86.4,Failure,185.4
8310.7,108.2,12.0,28.6,1206.0,52.3,Failure,238.0
4002.0,101.5,8.32,38.9,1685.0,62.9,Warning,518.7
6697.4,113.4,11.71,28.2,1331.0,92.8,Failure,237.5
2089.6,86.4,4.59,53.3,2089.0,29.7,Healthy,1153.3
2966.8,98.6,7.16,42.6,1766.0,70.4,Warning,703.5
8968.5,111.3,12.5,24.2,1852.0,30.2,Failure,230.1
179.4,91.6,3.62,54.9,2097.0,51.3,Healthy,1177.6
900.8,97.2,4.47,51.9,1494.0,81.3,Healthy,940.1
2118.5,94.1,6.63,49.6,2273.0,55.3,Healthy,849.2
314.0,98.2,4.99,50.6,1700.0,94.8,Healthy,897.5
1855.3,86.4,4.86,50.1,1137.0,64.1,Healthy,991.7
5851.3,105.6,9.1,33.6,1944.0,47.5,Warning,383.5
4243.2,104.5,7.63,36.5,2090.0,40.4,Warning,536.3
8932.1,106.5,12.9,25.0,1375.0,49.5,Failure,261.2
8183.6,111.2,12.54,30.6,2186.0,51.1,Failure,209.9
3451.1,96.8,7.25,42.4,2259.0,29.8,Warning,738.8
2631.3,98.4,6.1,44.0,1315.0,50.9,Healthy,772.0
3827.9,101.7,8.32,39.0,2375.0,57.5,Warning,651.6
5923.4,105.4,10.03,34.7,1111.0,75.6,Warning,465.9
2717.2,91.3,5.76,47.0,1203.0,71.0,Healthy,962.0
6260.3,109.2,10.21,30.8,1176.0,74.6,Warning,335.7
4123.6,103.7,7.8,39.2,2241.0,25.6,Warning,592.3
5542.9,103.2,9.06,36.5,1881.0,40.2,Warning,443.9
4389.5,102.6,8.32,34.6,1128.0,71.3,Warning,627.9
2979.9,98.9,6.4,44.7,1560.0,58.9,Warning,749.7
9487.1,109.7,12.6,25.4,1823.0,25.4,Failure,238.6
7647.9,110.7,11.84,23.0,1025.0,81.3,Failure,255.1
1444.1,103.6,5.88,43.5,2224.0,79.1,Warning,756.9
8691.3,117.8,13.0,26.4,2105.0,63.4,Failure,234.8
4899.9,97.2,7.87,38.4,1658.0,29.7,Warning,672.2
8950.8,118.7,13.71,23.5,2351.0,78.7,Failure,238.5
8008.6,117.8,12.66,24.1,1527.0,65.9,Failure,198.4
4280.9,111.8,8.87,36.4,2376.0,79.7,Warning,390.9
273.6,93.8,4.81,54.0,1902.0,77.6,Healthy,1008.9
2723.3,106.7,7.59,40.4,1852.0,81.2,Warning,629.1
5439.3,101.8,9.0,36.1,1149.0,61.3,Warning,514.4
6353.1,102.0,9.64,33.2,2223.0,34.8,Warning,418.4
2616.0,96.9,5.61,41.9,1541.0,72.0,Healthy,706.3
1436.6,87.6,4.22,51.6,1143.0,68.4,Healthy,1111.0
8357.6,115.8,11.94,22.5,919.0,77.0,Failure,265.5
9844.8,106.5,14.19,21.7,1740.0,36.9,Failure,217.2
5280.6,96.0,8.68,35.5,1691.0,38.6,Warning,603.1
1758.2,95.1,6.31,51.5,1979.0,87.3,Healthy,940.4
2759.5,103.8,6.28,45.4,2235.0,77.5,Warning,773.6
233.0,93.9,3.43,54.9,1019.0,88.6,Healthy,1171.1
9147.3,120.0,14.42,19.1,1997.0,78.1,Failure,188.6
1221.6,89.4,4.67,46.9,1181.0,66.8,Healthy,986.3
5786.3,106.8,10.24,38.2,2187.0,70.8,Warning,383.1
2776.8,107.5,7.59,41.9,2129.0,87.2,Warning,614.4
5564.1,105.2,10.28,32.7,1711.0,65.5,Warning,398.4
6531.6,112.8,10.86,31.0,1965.0,69.3,Warning,240.5
8305.9,103.8,11.72,30.5,1372.0,36.0,Warning,274.8
2103.9,96.0,5.65,47.6,1607.0,58.2,Healthy,914.9
159.4,100.4,5.14,55.5,2132.0,75.1,Healthy,1023.9
1412.0,92.3,3.61,54.0,1589.0,44.0,Healthy,1169.1
9005.2,108.4,12.86,21.6,1437.0,39.2,Failure,218.9
8745.2,112.6,12.57,22.3,1641.0,47.0,Failure,181.7
5994.3,104.1,10.01,37.0,2142.0,41.9,Warning,424.5
6025.1,101.6,9.04,28.3,1403.0,40.0,Warning,430.7
6667.1,104.4,10.21,31.4,1161.0,54.7,Warning,281.5
1794.9,102.1,6.5,42.5,1968.0,88.5,Warning,811.5
9148.4,118.6,14.96,19.8,2139.0,60.5,Failure,181.0
4216.8,91.1,7.37,42.1,1051.0,38.2,Warning,779.9
3862.2,89.2,6.26,43.8,1260.0,30.4,Healthy,938.1
5213.2,100.6,8.9,34.7,1113.0,73.7,Warning,489.4
517.3,83.2,3.37,52.6,1422.0,51.8,Healthy,1223.6
1704.5,95.2,5.0,53.6,1576.0,82.5,Healthy,982.6
7393.4,115.3,11.84,31.3,2023.0,71.2,Failure,231.1
873.8,94.9,5.25,47.8,1877.0,80.7,Healthy,894.0
6051.4,106.1,9.19,37.9,1831.0,44.0,Warning,544.2
2491.2,99.2,6.69,44.1,1429.0,73.5,Warning,753.1
3923.5,92.7,7.75,43.5,2162.0,43.5,Warning,780.1
2922.5,107.1,6.99,41.3,1607.0,90.7,Warning,565.4
3588.9,108.1,7.91,38.5,2369.0,69.5,Warning,613.5
7204.5,104.9,11.71,32.7,1851.0,47.7,Warning,337.5
3006.4,94.1,6.18,46.2,1089.0,43.9,Healthy,857.9
5685.7,99.3,9.21,35.4,1914.0,38.4,Warning,502.3
4786.7,105.7,8.68,33.3,1388.0,73.6,Warning,493.9
6653.5,101.1,10.36,30.9,1929.0,40.3,Warning,485.1
9371.5,108.8,13.2,17.6,1004.0,66.7,Failure,161.0
7339.1,103.6,9.85,30.3,1162.0,43.5,Warning,403.2
2188.7,100.5,7.17,42.9,2184.0,71.3,Warning,688.3
360.3,92.8,4.09,52.0,1241.0,82.0,Healthy,1061.7
2659.5,99.8,7.22,47.6,2156.0,79.5,Warning,757.5
5971.0,108.0,10.13,35.1,1319.0,78.3,Warning,362.4
561.7,88.7,3.24,54.9,1864.0,38.1,Healthy,1164.4
4988.8,98.8,8.21,39.1,1941.0,31.2,Warning,561.2
5988.6,110.6,9.64,36.5,1669.0,73.9,Warning,440.7
3375.7,93.9,7.54,45.7,1358.0,50.8,Warning,695.3
7720.6,113.0,10.94,26.0,1219.0,55.3,Failure,251.2
1110.7,78.9,2.88,51.9,950.0,27.2,Healthy,1215.2
797.6,89.1,3.43,54.8,1356.0,43.2,Healthy,1078.0
7295.5,108.4,11.2,32.4,1880.0,27.4,Warning,288.2
4980.1,114.3,9.89,32.2,2307.0,86.5,Warning,255.5
6899.6,107.1,10.33,31.9,2207.0,42.0,Warning,337.1
4376.5,103.0,9.0,37.9,2049.0,64.0,Warning,470.6
2501.7,95.4,5.84,47.6,2083.0,27.7,Healthy,905.5
8200.1,111.7,13.01,18.5,1897.0,71.7,Failure,184.0
8004.2,104.9,11.89,27.2,1290.0,47.6,Failure,232.7
6962.2,116.9,13.03,29.3,2261.0,87.9,Failure,228.0
2757.8,109.2,8.08,40.2,1906.0,87.2,Warning,536.5
5922.8,105.7,9.32,34.4,1741.0,47.8,Warning,433.3
3641.7,100.6,8.32,38.5,1066.0,88.1,Warning,538.9
961.2,99.0,5.36,49.9,1571.0,94.7,Healthy,953.4
9177.3,118.4,14.16,19.2,1591.0,82.8,Failure,228.1
1411.3,99.1,5.15,45.7,2197.0,84.1,Healthy,1045.6
9504.9,116.5,13.32,24.4,1720.0,42.4,Failure,204.6
4487.8,98.3,7.96,41.6,1471.0,65.4,Warning,695.6
1892.1,97.3,5.43,48.0,2365.0,29.7,Healthy,787.8
5441.9,99.5,8.67,38.9,1066.0,31.6,Warning,641.2
8735.8,125.6,12.91,20.6,1534.0,94.9,Failure,206.3
7335.6,103.5,10.66,31.7,963.0,47.9,Warning,321.2
8075.3,117.5,13.32,19.5,2010.0,77.4,Failure,227.7
6604.9,110.9,11.45,31.9,2277.0,81.5,Warning,239.8
6938.2,111.8,11.68,26.6,1320.0,85.1,Failure,225.1
8499.5,125.5,14.03,19.2,2188.0,94.8,Failure,187.0
2534.2,96.4,5.61,53.6,1338.0,41.9,Healthy,871.6
4919.8,95.5,8.22,41.0,2266.0,27.8,Warning,707.0
2251.0,95.3,5.4,46.6,2031.0,53.8,Healthy,831.5
9877.3,113.4,13.39,15.4,2107.0,34.1,Failure,164.2
9443.4,101.3,12.72,28.3,927.0,26.6,Failure,217.4
442.3,94.1,4.02,50.4,2344.0,50.2,Healthy,1083.9
7070.5,113.1,11.76,25.1,1990.0,79.9,Failure,215.2
9256.2,115.1,13.28,20.2,1357.0,64.6,Failure,165.0
1846.7,92.8,5.22,53.2,2144.0,46.9,Healthy,957.7
5701.1,104.3,10.09,36.0,1322.0,70.8,Warning,428.6
9159.1,113.9,13.15,22.3,2209.0,41.2,Failure,176.2
387.8,80.5,2.01,58.3,1069.0,26.0,Healthy,1234.5
6989.3,113.7,11.97,26.3,1956.0,78.5,Failure,283.0
3008.6,98.1,6.81,44.2,1711.0,68.7,Warning,727.8
9247.7,118.6,13.6,19.9,1045.0,78.4,Failure,181.5
9712.0,114.3,13.61,24.0,1263.0,27.7,Failure,192.9
9445.5,119.2,13.85,21.2,919.0,83.6,Failure,177.4
4768.4,108.6,8.87,37.6,1603.0,68.4,Warning,508.9
8627.3,109.1,12.27,23.2,1352.0,64.4,Failure,248.5
8453.3,116.8,12.85,24.9,1798.0,68.7,Failure,202.5
3225.0,99.6,7.57,41.8,1346.0,85.5,Warning,634.8
8297.7,108.2,11.8,22.6,1350.0,66.1,Failure,262.2
418.2,91.4,4.24,52.5,2015.0,65.7,Healthy,1066.5
5982.9,115.7,10.39,30.1,972.0,94.3,Warning,330.2
2338.6,106.4,6.75,46.3,2254.0,78.0,Warning,623.8
1249.6,95.7,5.35,50.1,2178.0,56.0,Healthy,954.7
815.7,91.2,4.88,48.8,1902.0,74.5,Healthy,1117.0
6978.1,107.8,11.49,30.4,1790.0,52.2,Warning,240.8
3431.8,99.0,6.6,44.0,2238.0,41.0,Warning,749.5
7261.4,110.5,11.25,28.6,1178.0,66.8,Failure,252.3
700.3,89.5,4.49,54.0,1018.0,90.0,Healthy,1053.1
3187.1,100.9,6.92,44.3,1259.0,90.0,Warning,720.1
5417.9,104.4,9.67,34.5,2092.0,48.9,Warning,425.0
7917.7,111.6,12.58,24.5,952.0,61.9,Failure,206.5
3221.6,87.5,6.44,44.0,1774.0,39.8,Healthy,948.8
6277.6,117.8,11.77,30.3,2393.0,94.7,Failure,245.5
8865.5,125.0,14.29,22.7,2184.0,93.7,Failure,184.7
6177.8,112.8,10.12,30.2,1682.0,70.5,Warning,326.1
2367.9,101.1,5.33,44.2,995.0,81.3,Healthy,805.6
292.8,98.3,4.06,55.9,2147.0,75.1,Healthy,997.1
8707.5,113.7,12.61,24.2,1798.0,66.5,Failure,200.5
261.6,74.8,3.16,59.9,1072.0,28.7,Healthy,1301.3
8753.3,110.0,12.45,21.0,1041.0,56.8,Failure,191.0
5312.9,113.7,9.73,35.2,2264.0,72.2,Warning,338.7
9393.7,125.0,14.49,16.1,1904.0,72.4,Failure,150.9
7997.9,115.1,11.77,22.9,2144.0,51.1,Failure,273.9
9979.4,128.7,15.13,14.1,2218.0,90.9,Failure,77.4
3539.6,96.6,6.74,42.6,1758.0,36.7,Warning,751.4
7683.5,109.8,12.21,26.7,1676.0,60.0,Failure,276.2
4049.2,103.5,8.25,35.7,1546.0,73.4,Warning,557.4
4824.8,111.3,8.91,37.8,1375.0,73.8,Warning,488.9
6293.7,106.3,10.48,34.6,1552.0,70.4,Warning,374.7
8743.1,118.5,12.97,18.2,2061.0,44.3,Failure,177.3
9841.6,111.8,13.73,23.6,1803.0,35.9,Failure,148.1
7694.3,120.8,11.99,22.7,2239.0,69.5,Failure,214.9
4206.8,98.1,8.1,42.3,1565.0,67.0,Warning,631.2
4242.5,99.7,7.11,41.0,1811.0,37.6,Warning,651.2
7388.9,112.2,11.97,27.1,1847.0,74.4,Failure,220.3
2425.8,91.8,5.81,47.0,1788.0,56.9,Healthy,1012.6
1149.2,97.9,6.09,52.7,1954.0,71.7,Healthy,1057.4
3578.5,107.2,7.6,36.6,1256.0,83.6,Warning,575.4
2908.0,90.3,5.4,48.7,1669.0,36.9,Healthy,922.0
2998.3,83.3,5.36,51.4,1056.0,26.3,Healthy,967.6
2374.4,100.0,6.53,46.8,1477.0,79.5,Warning,818.9
468.8,92.7,4.7,58.8,1632.0,67.7,Healthy,1167.7
227.8,96.7,3.84,51.5,1878.0,74.0,Healthy,1022.7
9877.8,129.1,14.58,18.0,2326.0,83.7,Failure,98.5
4306.3,107.2,9.02,37.2,1801.0,81.2,Warning,519.9
3874.1,116.0,8.08,39.8,2015.0,92.3,Warning,531.0
6812.5,110.5,10.72,29.8,1659.0,62.5,Warning,195.0
2221.6,95.7,5.78,46.3,1851.0,59.2,Healthy,881.5
9502.1,106.8,13.18,25.6,1006.0,53.1,Failure,233.0
7874.1,104.3,11.43,27.6,1282.0,35.8,Warning,247.1
939.6,91.8,4.09,48.3,1443.0,65.1,Healthy,981.1
4204.9,101.6,7.43,39.3,1609.0,44.4,Warning,685.3
8797.2,120.0,13.31,21.9,968.0,89.5,Failure,184.5
9450.1,111.4,13.59,24.5,1110.0,65.8,Failure,171.6
4700.6,103.9,8.49,37.8,1315.0,66.5,Warning,452.6
6153.4,110.4,10.46,35.8,2357.0,49.8,Warning,404.4
1712.0,92.3,4.61,47.7,1397.0,28.6,Healthy,1017.4
9912.1,113.6,13.56,20.0,1623.0,27.2,Failure,198.5
2355.1,96.3,5.68,46.3,1194.0,54.6,Healthy,841.8
9430.2,111.0,12.45,22.6,1816.0,30.9,Failure,203.4
6514.0,109.9,10.5,30.8,1321.0,67.5,Warning,248.6
6097.0,115.6,10.62,31.7,1210.0,86.7,Warning,235.8
5151.3,105.8,9.97,33.6,1675.0,86.8,Warning,313.2
2345.2,94.8,5.45,46.8,908.0,71.1,Healthy,854.1
1806.5,84.9,4.09,51.4,911.0,39.8,Healthy,1087.2
2243.8,101.5,5.94,42.6,1229.0,85.4,Warning,802.7
1905.1,102.8,5.88,45.4,955.0,87.0,Warning,796.6
7806.9,102.7,11.43,28.8,1062.0,38.8,Warning,313.2
3533.7,94.3,7.32,42.1,1408.0,76.6,Warning,809.1
625.5,89.0,4.29,54.4,2104.0,45.1,Healthy,1169.5
9692.6,125.5,14.64,17.1,1758.0,81.2,Failure,174.3
8843.7,124.5,13.89,18.1,1669.0,94.8,Failure,175.5
9281.1,109.0,12.44,27.1,1340.0,27.1,Failure,203.5
9949.3,125.8,15.67,12.8,2298.0,87.8,Failure,163.2
1780.3,91.8,5.54,47.1,1496.0,68.6,Healthy,1033.9
3992.6,107.8,9.07,44.7,1031.0,93.1,Warning,572.3
7594.5,108.6,11.39,25.3,1826.0,57.6,Failure,288.1
6975.4,120.2,11.46,23.0,1071.0,84.3,Failure,180.2
1581.3,88.8,3.95,53.9,1418.0,29.4,Healthy,1034.8
8167.5,108.4,11.69,21.3,1661.0,48.5,Failure,250.8
2283.2,90.0,5.43,49.0,2211.0,29.7,Healthy,979.8
2277.0,103.4,6.72,49.4,1640.0,93.3,Warning,842.3
5392.9,110.5,11.18,29.5,1953.0,82.2,Warning,265.1
5949.8,119.2,10.88,24.9,2389.0,84.7,Failure,209.8
5821.9,111.5,9.7,27.6,1097.0,90.7,Warning,294.3
960.3,82.4,3.56,57.4,1312.0,31.0,Healthy,1109.4
8780.7,118.9,11.86,25.3,1492.0,52.0,Failure,187.1
2692.7,90.7,5.43,46.9,1533.0,30.0,Healthy,989.2
1338.7,91.5,4.22,53.6,1517.0,39.8,Healthy,1119.3
8893.0,111.2,13.34,27.5,2261.0,41.1,Failure,227.3
9558.7,119.0,14.38,24.2,1971.0,57.8,Failure,145.2
8628.2,112.4,12.32,23.9,1812.0,43.8,Failure,211.1
8104.7,98.8,11.31,23.5,1364.0,32.1,Warning,209.7
6569.7,112.4,9.97,29.5,2136.0,36.7,Warning,339.6
5531.0,107.5,8.77,34.7,2333.0,35.3,Warning,429.6
915.5,100.5,5.59,48.3,2132.0,93.1,Healthy,811.0
4114.1,98.6,7.33,39.3,902.0,78.2,Warning,674.0
3758.3,109.9,8.25,41.0,1855.0,92.7,Warning,518.4
2634.6,94.0,5.3,49.6,977.0,55.8,Healthy,1022.4
7248.0,106.7,10.91,29.5,1286.0,44.5,Warning,249.8
4984.0,106.5,9.64,38.2,989.0,80.9,Warning,400.4
856.4,92.2,3.55,53.8,1806.0,47.8,Healthy,973.9
2240.8,99.5,4.88,47.4,1930.0,46.0,Healthy,888.2
6848.4,104.7,9.99,34.0,1072.0,41.3,Warning,368.7
807.5,82.2,3.47,55.7,1476.0,34.1,Healthy,1124.1
8519.5,114.7,12.32,29.7,1584.0,43.0,Failure,256.1
4976.7,106.7,8.25,33.4,1454.0,49.9,Warning,515.2
4831.8,114.9,8.52,33.6,1082.0,72.2,Warning,400.2
5944.5,95.5,9.18,36.6,1528.0,29.4,Warning,616.8
8255.6,111.2,12.56,27.3,2027.0,39.7,Failure,243.5
3510.7,94.7,6.55,45.4,1007.0,81.6,Healthy,763.6
6796.3,103.0,9.65,32.5,1020.0,35.3,Warning,365.9
5679.0,100.7,9.25,32.3,1432.0,49.0,Warning,506.0
2706.9,112.8,6.99,43.5,2313.0,85.5,Warning,640.4
8792.4,107.7,13.25,27.2,1903.0,35.8,Failure,228.8
7984.4,101.2,11.3,24.4,1918.0,30.8,Warning,216.1
6601.6,105.8,10.42,31.5,1443.0,58.9,Warning,370.6
8513.3,104.5,12.66,22.3,1790.0,46.2,Failure,208.8
8679.6,114.9,12.29,21.3,915.0,64.4,Failure,208.8
7098.2,108.3,11.06,26.1,1854.0,81.3,Failure,282.8
8378.3,110.6,12.13,28.2,2270.0,34.6,Failure,216.2
6989.8,104.3,11.68,30.5,1819.0,65.6,Warning,209.0
6817.4,110.5,11.06,26.7,2211.0,60.4,Failure,218.5
6205.2,109.1,9.41,35.5,1986.0,35.1,Warning,451.5
7539.5,112.0,11.86,23.3,1081.0,68.7,Failure,233.5
1628.1,90.6,4.97,51.7,2254.0,44.2,Healthy,1008.4
8814.7,111.7,12.4,21.3,1000.0,59.1,Failure,202.7
8724.8,108.3,12.29,24.7,1701.0,30.8,Failure,240.3
341.0,89.8,3.61,55.7,1113.0,57.2,Healthy,1090.9
8266.9,102.4,12.58,28.7,918.0,46.5,Failure,251.3
1332.3,100.4,5.62,51.5,1533.0,82.6,Healthy,855.4
3384.4,82.0,6.55,47.4,1343.0,29.0,Healthy,894.8
7447.9,107.4,11.17,29.5,1629.0,54.3,Warning,231.5
1649.6,92.8,4.74,48.7,1766.0,57.1,Healthy,956.8
8188.8,115.8,12.33,24.2,966.0,75.8,Failure,214.8
8329.7,112.3,12.31,25.6,1085.0,65.2,Failure,230.0
5099.3,102.4,8.86,36.0,1738.0,71.7,Warning,351.6
113.5,90.2,3.72,49.5,1415.0,79.4,Healthy,1037.1
2906.0,105.9,7.54,42.8,1994.0,85.4,Warning,631.2
6188.4,105.2,10.1,34.4,1878.0,47.0,Warning,466.1
9812.8,118.3,14.72,17.1,2168.0,62.7,Failure,146.5
6336.5,112.6,11.19,26.7,1939.0,83.8,Failure,245.6
2635.0,107.0,6.82,45.9,1545.0,94.3,Warning,774.4
6358.4,113.1,10.96,30.8,1909.0,87.3,Failure,216.7
5422.9,101.6,8.38,35.8,1313.0,51.0,Warning,558.7
7809.5,113.6,11.92,24.4,1359.0,38.7,Failure,204.8
1114.5,89.9,4.81,49.8,2083.0,59.3,Healthy,992.0
7622.2,108.3,12.0,30.1,1570.0,76.9,Failure,223.3
5435.6,109.8,9.21,34.8,2098.0,59.5,Warning,383.5
9631.8,116.4,15.37,18.5,2134.0,58.8,Failure,241.8
3451.6,106.1,7.63,41.6,2186.0,83.7,Warning,660.5
6344.6,105.6,10.29,30.7,2275.0,50.3,Warning,398.9
9323.7,120.4,14.32,22.6,1546.0,85.2,Failure,196.7
1070.0,96.1,4.42,54.6,1378.0,53.5,Healthy,933.2
9375.4,117.0,13.8,20.0,1773.0,48.0,Failure,199.9
6894.5,110.9,11.44,28.2,1457.0,56.8,Failure,269.9
725.0,91.8,4.89,45.3,1802.0,78.4,Healthy,914.1
3044.6,90.1,5.8,43.2,1958.0,33.8,Healthy,937.0
7096.3,96.5,10.68,29.2,1933.0,38.7,Warning,417.8
720.1,95.4,4.92,50.9,1462.0,91.6,Healthy,1093.8
5842.6,102.7,9.71,34.7,1150.0,37.3,Warning,430.3
3491.5,102.3,6.67,38.4,1546.0,64.7,Warning,624.6
6228.1,105.7,10.47,31.7,1114.0,65.6,Warning,333.4
505.1,93.7,4.31,54.4,2235.0,59.3,Healthy,1150.8
8721.8,113.4,13.37,24.1,1419.0,70.1,Failure,163.4
9736.2,111.7,13.2,16.5,1132.0,41.1,Failure,145.6
9690.3,117.7,13.3,18.9,938.0,63.7,Failure,192.8
7509.0,104.4,11.8,25.8,1869.0,51.1,Failure,233.6
1344.4,98.2,5.48,51.3,1855.0,71.3,Healthy,923.8
